               epoch,      train/box_loss,      train/cls_loss,      train/dfl_loss,   metrics/precision,      metrics/recall,     metrics/mAP_0.5,metrics/mAP_0.5:0.95,        val/box_loss,        val/cls_loss,        val/dfl_loss,               x/lr0,               x/lr1,               x/lr2
                   0,              3.2404,              4.9823,              4.1607,                   0,                   0,                   0,                   0,              6.2633,              8.1665,               8.095,            0.067107,          0.00033225,          0.00033225
                   1,              3.2783,              4.5804,              4.0812,          0.00016491,            0.013072,          0.00011701,          3.6314e-05,              6.1891,              7.9255,                8.03,            0.034103,          0.00066119,          0.00066119
                   2,              3.2813,              4.5096,              4.0335,          4.5993e-05,            0.004902,          2.3256e-05,          7.7118e-06,              6.1659,              7.9421,              7.9268,           0.0010943,          0.00098573,          0.00098573
                   3,              3.2608,               4.482,               4.005,          0.00021449,             0.01634,          0.00010904,          3.1454e-05,              6.1474,              7.7875,              7.9266,           0.0009802,           0.0009802,           0.0009802
                   4,              3.2121,              4.4333,              3.9824,          0.00062085,            0.053922,           0.0011717,          0.00037833,              6.1703,              7.5034,              7.8317,           0.0009802,           0.0009802,           0.0009802
                   5,              3.2533,              4.2699,              3.9495,           0.0017397,             0.34804,           0.0044522,           0.0010609,              6.0931,              7.0094,              7.7739,           0.0009736,           0.0009736,           0.0009736
                   6,              3.1876,              4.0656,              3.9022,             0.10285,            0.053922,            0.026426,           0.0073847,              5.8767,              6.4814,              7.7467,            0.000967,            0.000967,            0.000967
                   7,              3.0667,              3.7934,              3.8483,             0.18177,            0.099673,            0.056267,            0.016153,              5.6168,              6.0737,              7.5585,           0.0009604,           0.0009604,           0.0009604
                   8,              2.9492,               3.571,              3.7525,             0.21259,             0.12582,             0.08365,            0.026543,               5.463,              5.6215,              7.3096,           0.0009538,           0.0009538,           0.0009538
                   9,              2.8731,               3.351,              3.6553,             0.27646,             0.20098,             0.14766,            0.050729,              5.2291,              5.2092,              7.1161,           0.0009472,           0.0009472,           0.0009472
                  10,               2.734,              3.1161,              3.5354,             0.25654,             0.26105,             0.17847,            0.064136,              4.6447,              4.9401,              6.7922,           0.0009406,           0.0009406,           0.0009406
                  11,              2.5635,              2.8734,              3.3943,             0.48524,             0.36765,             0.36665,             0.13378,              4.3095,                4.57,              6.3768,            0.000934,            0.000934,            0.000934
                  12,              2.3933,              2.6076,              3.2188,              0.6576,             0.46078,             0.54032,              0.2684,              3.5655,              3.5213,              5.7709,           0.0009274,           0.0009274,           0.0009274
                  13,              2.2798,              2.4256,              3.0414,              0.5926,             0.51634,             0.53689,             0.25917,               3.546,              3.5965,              5.5306,           0.0009208,           0.0009208,           0.0009208
                  14,              2.2023,              2.3188,              2.9073,             0.72036,              0.5866,             0.68974,             0.35777,              3.2551,              3.0195,              5.1545,           0.0009142,           0.0009142,           0.0009142
                  15,                 2.1,              2.1498,              2.7795,             0.81635,             0.65033,             0.75548,             0.42474,              3.1358,               2.791,               4.903,           0.0009076,           0.0009076,           0.0009076
                  16,              2.0424,              2.0369,               2.682,             0.73422,             0.64999,             0.71467,              0.4268,              2.9841,              2.8269,              4.6827,            0.000901,            0.000901,            0.000901
                  17,              1.9686,              1.9318,               2.574,             0.77423,             0.69482,             0.77396,             0.43867,              3.0702,              2.6394,              4.5983,           0.0008944,           0.0008944,           0.0008944
                  18,               1.886,              1.8758,              2.4893,              0.7939,             0.70425,             0.80333,             0.48521,              2.8911,              2.4662,              4.4354,           0.0008878,           0.0008878,           0.0008878
                  19,              1.8841,              1.7904,              2.4191,             0.81853,             0.75175,             0.83192,             0.51181,              2.7467,              2.4012,              4.1491,           0.0008812,           0.0008812,           0.0008812
                  20,              1.8269,              1.7421,              2.3713,             0.78851,             0.74325,             0.81739,              0.5071,              2.7907,              2.4411,              4.1362,           0.0008746,           0.0008746,           0.0008746
                  21,              1.7537,              1.6467,              2.2538,             0.78803,             0.73504,             0.81013,              0.5201,              2.6192,              2.4474,              3.8974,            0.000868,            0.000868,            0.000868
                  22,              1.7442,              1.6064,              2.2201,             0.82618,             0.69608,              0.8115,             0.51835,               2.631,              2.4158,              3.8665,           0.0008614,           0.0008614,           0.0008614
                  23,              1.7186,              1.5859,              2.1776,             0.87182,             0.75327,             0.85303,              0.5637,                2.53,              2.1196,              3.7021,           0.0008548,           0.0008548,           0.0008548
                  24,              1.6734,              1.4993,              2.1206,             0.82516,             0.78922,             0.86871,              0.5739,              2.5278,              2.1234,              3.5761,           0.0008482,           0.0008482,           0.0008482
                  25,              1.6656,              1.4828,              2.0836,             0.83779,             0.76797,             0.86033,              0.5855,              2.4829,              2.0385,              3.5207,           0.0008416,           0.0008416,           0.0008416
                  26,              1.6238,              1.4576,              2.0551,             0.81438,             0.77941,             0.86998,             0.57807,              2.5566,              2.0996,               3.544,            0.000835,            0.000835,            0.000835
                  27,              1.6001,               1.411,              2.0114,             0.83228,             0.77842,             0.85747,             0.58742,              2.3791,              2.0269,              3.3899,           0.0008284,           0.0008284,           0.0008284
                  28,              1.5663,              1.3726,               1.979,             0.82367,             0.75327,             0.84823,             0.57145,              2.4495,              2.0859,              3.4326,           0.0008218,           0.0008218,           0.0008218
                  29,              1.5537,              1.3172,              1.9553,             0.88004,             0.77451,             0.87621,             0.61035,              2.3207,              1.9962,              3.3386,           0.0008152,           0.0008152,           0.0008152
                  30,              1.5573,              1.3236,              1.9529,             0.85723,              0.7451,             0.84853,             0.56935,              2.4855,              2.1107,              3.4859,           0.0008086,           0.0008086,           0.0008086
                  31,              1.5309,              1.2906,               1.933,             0.86825,             0.78595,             0.88638,             0.61039,              2.3187,              1.9078,              3.3008,            0.000802,            0.000802,            0.000802
                  32,              1.4894,              1.2331,               1.861,             0.90568,             0.80229,             0.89298,             0.62668,              2.2876,              1.8293,              3.2279,           0.0007954,           0.0007954,           0.0007954
                  33,              1.4999,              1.2198,              1.8816,             0.87769,             0.78558,             0.88849,             0.61027,              2.3672,              1.8232,              3.3321,           0.0007888,           0.0007888,           0.0007888
                  34,              1.4585,              1.2028,              1.8279,             0.88842,             0.77778,             0.88963,             0.61546,              2.3733,              1.9168,              3.3217,           0.0007822,           0.0007822,           0.0007822
                  35,              1.4329,              1.1603,              1.8167,             0.89267,             0.80392,             0.89497,             0.62019,              2.2755,              1.7938,              3.2596,           0.0007756,           0.0007756,           0.0007756
                  36,              1.4372,              1.1439,              1.8174,             0.92218,             0.81209,             0.91287,             0.63174,              2.2877,              1.7758,              3.2096,            0.000769,            0.000769,            0.000769
                  37,              1.4214,              1.1519,              1.7744,              0.9372,             0.82903,             0.92859,             0.65128,              2.2061,               1.656,              3.1607,           0.0007624,           0.0007624,           0.0007624
                  38,              1.4127,              1.1202,              1.7766,             0.85975,             0.81536,             0.89033,             0.60312,              2.3982,              1.8284,              3.2766,           0.0007558,           0.0007558,           0.0007558
                  39,              1.3924,              1.1038,              1.7539,             0.84798,             0.79575,             0.87877,               0.617,              2.2779,              1.8774,              3.2393,           0.0007492,           0.0007492,           0.0007492
                  40,                1.36,               1.076,              1.7227,             0.88533,             0.85787,             0.91921,             0.63273,              2.2668,              1.6816,              3.1626,           0.0007426,           0.0007426,           0.0007426
                  41,              1.3589,              1.0677,              1.7197,             0.87653,              0.8366,             0.90244,             0.61767,              2.3998,                1.78,              3.2929,            0.000736,            0.000736,            0.000736
                  42,              1.3291,              1.0425,              1.6911,             0.90898,             0.81209,             0.90496,             0.62612,              2.3321,              1.7236,              3.2256,           0.0007294,           0.0007294,           0.0007294
                  43,              1.3348,              1.0308,              1.7171,             0.88547,             0.85784,             0.92295,             0.64482,              2.2411,              1.5939,              3.1379,           0.0007228,           0.0007228,           0.0007228
                  44,              1.3151,              1.0052,               1.668,             0.89339,             0.84641,             0.91822,             0.64827,              2.2627,               1.631,              3.1605,           0.0007162,           0.0007162,           0.0007162
                  45,              1.2926,             0.98873,              1.6622,             0.89224,             0.82531,             0.89324,             0.62018,               2.388,              1.7561,              3.2672,           0.0007096,           0.0007096,           0.0007096
                  46,              1.2845,             0.95652,               1.641,              0.9189,             0.77762,             0.89207,             0.62654,              2.3334,              1.6967,              3.2425,            0.000703,            0.000703,            0.000703
                  47,              1.2681,             0.95755,               1.625,             0.90857,             0.84432,             0.91914,             0.65208,              2.2466,              1.5375,               3.187,           0.0006964,           0.0006964,           0.0006964
                  48,              1.2707,             0.95172,                1.62,             0.88602,             0.83835,             0.90306,             0.64118,              2.2792,              1.6705,              3.1621,           0.0006898,           0.0006898,           0.0006898
                  49,              1.2385,             0.91814,              1.6135,             0.94398,             0.80065,             0.91521,             0.64528,               2.288,              1.5779,              3.1892,           0.0006832,           0.0006832,           0.0006832
                  50,              1.2184,             0.90802,              1.5848,             0.91544,             0.83139,             0.91596,              0.6403,              2.2576,               1.591,               3.184,           0.0006766,           0.0006766,           0.0006766
                  51,              1.2283,             0.90598,              1.5735,             0.92175,              0.8366,             0.91969,             0.64396,              2.2919,              1.6085,              3.2018,             0.00067,             0.00067,             0.00067
                  52,              1.2139,             0.89687,              1.5695,             0.92381,             0.80719,              0.9075,             0.63216,              2.3162,              1.5873,               3.216,           0.0006634,           0.0006634,           0.0006634
                  53,              1.1973,              0.8751,              1.5553,             0.89243,             0.81335,             0.90177,             0.63128,              2.2763,              1.6351,              3.1741,           0.0006568,           0.0006568,           0.0006568
                  54,              1.1993,             0.86793,              1.5498,             0.90861,             0.82843,             0.91647,             0.64439,              2.2439,              1.5275,               3.145,           0.0006502,           0.0006502,           0.0006502
                  55,              1.1783,             0.86924,              1.5501,             0.88439,             0.83497,             0.90541,             0.62702,              2.3427,              1.5466,              3.2444,           0.0006436,           0.0006436,           0.0006436
                  56,              1.1598,             0.84001,                1.52,             0.90018,             0.84477,             0.92401,             0.64987,              2.2845,              1.5216,              3.1953,            0.000637,            0.000637,            0.000637
                  57,              1.1597,             0.83574,              1.5213,             0.85761,             0.85458,             0.91163,             0.63908,              2.2678,              1.5787,              3.1589,           0.0006304,           0.0006304,           0.0006304
                  58,              1.1548,             0.82829,              1.5118,              0.9131,             0.81373,             0.90921,             0.64924,              2.2191,              1.5562,              3.1279,           0.0006238,           0.0006238,           0.0006238
                  59,              1.1257,             0.81896,              1.4899,             0.90131,             0.83824,             0.91572,             0.64738,              2.2328,                1.53,              3.1315,           0.0006172,           0.0006172,           0.0006172
                  60,              1.1173,             0.78495,              1.4725,             0.90382,             0.81377,             0.90487,              0.6297,              2.3082,               1.606,              3.1657,           0.0006106,           0.0006106,           0.0006106
                  61,              1.1157,             0.78645,              1.4736,             0.91568,             0.83396,             0.92028,             0.65661,              2.2424,              1.4832,               3.129,            0.000604,            0.000604,            0.000604
                  62,              1.1071,             0.77445,              1.4487,             0.93965,             0.80229,             0.90743,             0.63722,              2.2829,              1.5715,              3.1672,           0.0005974,           0.0005974,           0.0005974
                  63,              1.1017,              0.7748,              1.4545,             0.93337,             0.82026,             0.92106,             0.64402,              2.3153,              1.4605,              3.1817,           0.0005908,           0.0005908,           0.0005908
                  64,              1.0882,             0.77721,                1.45,             0.87458,             0.85456,             0.91028,             0.64357,              2.2859,              1.5785,              3.1287,           0.0005842,           0.0005842,           0.0005842
                  65,              1.0945,             0.76361,              1.4415,             0.92078,             0.81373,             0.91798,             0.64516,              2.3082,              1.5168,              3.1729,           0.0005776,           0.0005776,           0.0005776
                  66,              1.0881,             0.75847,              1.4395,              0.9446,             0.80882,             0.92879,              0.6644,              2.2178,              1.4621,              3.1177,            0.000571,            0.000571,            0.000571
                  67,              1.0504,             0.72526,              1.4081,             0.90965,             0.84641,             0.91776,             0.65509,              2.2624,              1.5215,              3.1541,           0.0005644,           0.0005644,           0.0005644
                  68,               1.061,             0.73478,              1.3998,             0.90321,              0.8317,             0.91032,             0.64566,              2.2228,              1.5699,              3.1114,           0.0005578,           0.0005578,           0.0005578
                  69,               1.046,             0.72513,              1.3897,             0.89126,             0.84369,             0.91801,             0.64736,              2.2787,              1.5335,              3.1568,           0.0005512,           0.0005512,           0.0005512
                  70,              1.0312,             0.70936,              1.3824,             0.93737,              0.8219,             0.92483,             0.65739,              2.2494,              1.5341,              3.1381,           0.0005446,           0.0005446,           0.0005446
                  71,              1.0337,              0.6856,              1.3958,             0.92805,             0.81046,             0.91428,              0.6436,              2.2842,              1.5141,              3.2144,            0.000538,            0.000538,            0.000538
                  72,              1.0421,             0.71438,              1.3933,             0.87763,             0.82033,             0.89674,             0.61307,               2.425,              1.5996,              3.3405,           0.0005314,           0.0005314,           0.0005314
                  73,              1.0202,             0.68393,              1.3716,             0.89962,             0.85458,             0.91784,             0.64485,              2.2618,               1.502,              3.1984,           0.0005248,           0.0005248,           0.0005248
                  74,              1.0008,             0.67318,              1.3467,             0.90373,             0.84366,             0.91806,             0.63596,               2.311,              1.5053,              3.2096,           0.0005182,           0.0005182,           0.0005182
                  75,             0.99173,             0.67201,              1.3511,             0.88704,             0.82117,             0.90535,             0.62882,              2.3466,              1.5817,              3.2162,           0.0005116,           0.0005116,           0.0005116
                  76,             0.99162,             0.69011,              1.3533,             0.88435,             0.86111,             0.91741,              0.6484,               2.287,              1.5484,              3.1972,            0.000505,            0.000505,            0.000505
                  77,             0.98638,             0.67195,              1.3416,             0.92181,             0.86691,             0.93704,             0.66096,              2.2558,              1.4187,              3.1184,           0.0004984,           0.0004984,           0.0004984
                  78,             0.98641,             0.67675,              1.3402,             0.91437,             0.83754,             0.92026,             0.64793,              2.3006,              1.4604,              3.2067,           0.0004918,           0.0004918,           0.0004918
                  79,             0.97478,             0.65166,              1.3178,             0.91699,             0.83987,             0.92686,             0.65726,              2.2274,              1.5056,              3.1291,           0.0004852,           0.0004852,           0.0004852
                  80,             0.96724,             0.63644,              1.3183,               0.908,             0.85472,             0.92806,             0.65962,              2.3044,              1.4625,              3.2023,           0.0004786,           0.0004786,           0.0004786
                  81,             0.96739,             0.65346,              1.3152,             0.90152,             0.84314,             0.92435,             0.65339,              2.2734,              1.4758,              3.1609,            0.000472,            0.000472,            0.000472
                  82,             0.94832,             0.64736,               1.292,               0.881,             0.85887,             0.91839,             0.64769,              2.3305,               1.476,              3.2592,           0.0004654,           0.0004654,           0.0004654
                  83,             0.94068,             0.63531,              1.2884,             0.91225,             0.84477,             0.92748,             0.65937,              2.2379,              1.4487,              3.1654,           0.0004588,           0.0004588,           0.0004588
                  84,             0.93117,             0.63182,              1.2909,             0.94035,             0.83007,             0.92411,             0.66173,              2.2353,               1.469,              3.1231,           0.0004522,           0.0004522,           0.0004522
                  85,             0.92894,             0.62446,              1.2808,             0.90282,             0.85013,             0.92584,              0.6585,                2.22,              1.5108,              3.1372,           0.0004456,           0.0004456,           0.0004456
                  86,             0.91676,             0.61433,              1.2752,             0.90767,             0.81699,             0.91917,             0.65274,              2.2547,              1.5642,              3.1369,            0.000439,            0.000439,            0.000439
                  87,             0.91925,             0.61212,              1.2624,             0.88531,             0.87029,             0.92826,             0.66909,              2.1952,              1.4551,              3.0887,           0.0004324,           0.0004324,           0.0004324
                  88,             0.90595,             0.59702,              1.2574,             0.89192,             0.86302,             0.92474,             0.65683,              2.2478,               1.491,              3.1453,           0.0004258,           0.0004258,           0.0004258
                  89,             0.91619,             0.61279,              1.2704,             0.93728,             0.82026,             0.91651,              0.6475,              2.2739,              1.4773,              3.1796,           0.0004192,           0.0004192,           0.0004192
                  90,             0.89354,             0.58606,              1.2581,             0.90194,             0.85669,             0.91676,             0.65643,               2.282,              1.5391,               3.184,           0.0004126,           0.0004126,           0.0004126
                  91,             0.89602,             0.59398,              1.2638,             0.90102,              0.8415,             0.91655,             0.64797,              2.3116,              1.5852,              3.2069,            0.000406,            0.000406,            0.000406
                  92,             0.89871,             0.59488,              1.2518,              0.8915,             0.84641,             0.91447,             0.64101,               2.289,              1.5372,              3.1575,           0.0003994,           0.0003994,           0.0003994
                  93,             0.87969,             0.57749,              1.2348,              0.8845,             0.85458,             0.91896,              0.6536,              2.2898,              1.4769,              3.1988,           0.0003928,           0.0003928,           0.0003928
                  94,             0.85641,             0.57376,               1.223,             0.90744,             0.83333,             0.91595,             0.65225,              2.2795,              1.4519,               3.181,           0.0003862,           0.0003862,           0.0003862
                  95,             0.87279,             0.58208,              1.2371,             0.90267,             0.85294,             0.91739,             0.65677,              2.2619,                1.47,              3.1668,           0.0003796,           0.0003796,           0.0003796
                  96,             0.87064,             0.57096,              1.2253,             0.91284,             0.83853,             0.91562,             0.64543,              2.2681,              1.4865,              3.1505,            0.000373,            0.000373,            0.000373
                  97,             0.85646,             0.56767,              1.2132,             0.91417,             0.85784,             0.92549,             0.64837,              2.2927,              1.4247,              3.2358,           0.0003664,           0.0003664,           0.0003664
                  98,             0.86729,             0.57171,              1.2184,             0.89364,             0.87865,             0.92613,             0.66572,              2.2677,              1.4559,              3.1961,           0.0003598,           0.0003598,           0.0003598
                  99,             0.84803,             0.56113,              1.2141,              0.9291,             0.83824,             0.92222,             0.64714,              2.3015,              1.4483,              3.2292,           0.0003532,           0.0003532,           0.0003532
                 100,             0.83935,             0.55382,              1.2062,             0.94061,              0.8366,             0.92431,             0.65341,               2.271,              1.4443,               3.209,           0.0003466,           0.0003466,           0.0003466
                 101,             0.83662,             0.54892,              1.1895,             0.90477,             0.85382,             0.93162,             0.66468,              2.2551,               1.415,              3.2113,             0.00034,             0.00034,             0.00034
                 102,             0.83323,             0.54946,              1.1996,             0.91733,             0.85221,              0.9239,             0.65907,              2.2969,              1.4748,              3.2202,           0.0003334,           0.0003334,           0.0003334
                 103,              0.8271,              0.5455,               1.186,             0.90824,             0.85714,             0.92539,             0.66398,              2.2445,              1.4675,              3.1582,           0.0003268,           0.0003268,           0.0003268
                 104,             0.82004,              0.5426,              1.1904,              0.8878,             0.89213,             0.93892,             0.67551,              2.2296,              1.3326,              3.1989,           0.0003202,           0.0003202,           0.0003202
                 105,             0.81125,             0.54243,              1.1873,             0.90418,             0.84967,             0.92447,             0.66817,              2.2515,              1.4144,              3.1997,           0.0003136,           0.0003136,           0.0003136
                 106,             0.82419,             0.53949,              1.1931,             0.92234,             0.83448,             0.92717,             0.66207,              2.2264,              1.4265,              3.1683,            0.000307,            0.000307,            0.000307
                 107,             0.80279,             0.53532,              1.1799,             0.88536,             0.88337,             0.92861,             0.66296,              2.2554,              1.4318,              3.1885,           0.0003004,           0.0003004,           0.0003004
                 108,             0.80852,             0.52907,              1.1775,             0.88319,             0.86481,             0.92055,             0.65218,              2.3006,              1.4791,              3.2557,           0.0002938,           0.0002938,           0.0002938
                 109,             0.80236,             0.52177,              1.1639,             0.94077,              0.8366,             0.93262,             0.66576,              2.2644,              1.4107,               3.223,           0.0002872,           0.0002872,           0.0002872
                 110,             0.80235,             0.52707,              1.1633,             0.91826,             0.84442,             0.91377,             0.65057,              2.2999,              1.4605,              3.2543,           0.0002806,           0.0002806,           0.0002806
                 111,             0.78697,             0.52149,              1.1678,             0.90244,             0.86154,              0.9242,             0.66718,              2.2598,              1.4115,               3.212,            0.000274,            0.000274,            0.000274
                 112,             0.79097,              0.5237,              1.1542,             0.90646,             0.85948,             0.92388,             0.65747,              2.2826,              1.4211,              3.2474,           0.0002674,           0.0002674,           0.0002674
                 113,             0.77982,             0.51648,              1.1599,             0.90605,             0.85097,             0.91977,             0.65475,              2.2929,              1.5021,              3.2441,           0.0002608,           0.0002608,           0.0002608
                 114,             0.78229,             0.52648,              1.1495,             0.89986,             0.86626,             0.92686,              0.6531,              2.2966,              1.4519,              3.2408,           0.0002542,           0.0002542,           0.0002542
                 115,             0.77032,             0.50572,              1.1498,             0.91458,             0.85948,             0.92793,             0.66191,              2.2797,              1.4499,              3.2436,           0.0002476,           0.0002476,           0.0002476
                 116,             0.77604,             0.51019,              1.1383,              0.9284,             0.84314,             0.92408,             0.65057,              2.3134,              1.4707,               3.304,            0.000241,            0.000241,            0.000241
                 117,             0.76882,             0.51469,              1.1327,             0.90583,             0.86446,             0.92745,             0.65814,              2.2756,               1.449,              3.2296,           0.0002344,           0.0002344,           0.0002344
                 118,             0.76822,             0.50644,              1.1293,             0.92122,             0.85784,             0.93396,             0.66484,              2.2887,              1.4099,              3.2468,           0.0002278,           0.0002278,           0.0002278
                 119,             0.76263,             0.50728,              1.1311,             0.91084,             0.85133,             0.92469,              0.6601,              2.2672,              1.4554,              3.2324,           0.0002212,           0.0002212,           0.0002212
                 120,             0.74833,             0.49474,              1.1312,             0.93055,               0.832,              0.9179,             0.65771,              2.2933,              1.4996,              3.2613,           0.0002146,           0.0002146,           0.0002146
                 121,             0.76497,             0.51075,              1.1262,             0.88179,             0.88072,               0.926,             0.66571,              2.2481,              1.4175,              3.2316,            0.000208,            0.000208,            0.000208
                 122,             0.74471,             0.49608,              1.1222,             0.88494,             0.86709,             0.91786,             0.65788,              2.2744,              1.5135,              3.2536,           0.0002014,           0.0002014,           0.0002014
                 123,             0.73414,             0.49037,              1.1243,             0.88725,             0.86601,             0.92481,             0.66177,              2.2684,              1.4793,              3.2407,           0.0001948,           0.0001948,           0.0001948
                 124,             0.74977,              0.4953,               1.127,             0.90812,             0.85599,             0.92228,             0.66387,              2.2544,              1.4534,              3.2407,           0.0001882,           0.0001882,           0.0001882
                 125,             0.74674,             0.49442,              1.1261,             0.89518,             0.85948,             0.92667,             0.66871,              2.2421,              1.4341,              3.2135,           0.0001816,           0.0001816,           0.0001816
                 126,             0.74234,             0.49616,              1.1215,             0.89798,             0.86298,             0.92305,             0.66622,               2.234,               1.485,              3.1859,            0.000175,            0.000175,            0.000175
                 127,             0.73549,             0.49153,              1.1232,             0.90086,             0.86111,              0.9249,             0.66913,              2.2459,              1.4456,              3.2227,           0.0001684,           0.0001684,           0.0001684
                 128,             0.72988,             0.48407,              1.1093,             0.87999,             0.86269,             0.92042,             0.65988,              2.2782,               1.518,              3.2416,           0.0001618,           0.0001618,           0.0001618
                 129,              0.7345,             0.48965,              1.1129,              0.8895,             0.85497,             0.91765,             0.65872,              2.2889,              1.4913,              3.2666,           0.0001552,           0.0001552,           0.0001552
                 130,             0.72366,             0.47894,              1.1112,             0.88835,             0.86438,             0.91864,             0.65922,              2.2845,              1.5111,              3.2651,           0.0001486,           0.0001486,           0.0001486
                 131,             0.71502,              0.4794,              1.1067,             0.88813,             0.85458,             0.92437,             0.66459,               2.263,              1.4671,              3.2546,            0.000142,            0.000142,            0.000142
                 101,             0.84515,              0.5615,              1.2067,             0.91049,             0.85458,             0.92148,             0.65482,              2.2645,              1.4817,              3.1867,             0.00034,             0.00034,             0.00034
                 102,             0.84883,             0.56585,              1.2089,             0.91109,             0.85458,             0.92604,             0.66319,              2.2627,              1.4363,              3.2154,           0.0003334,           0.0003334,           0.0003334
                 103,             0.82026,             0.54299,              1.1904,             0.90247,             0.85784,             0.92031,             0.66028,              2.2437,               1.472,              3.1433,           0.0003268,           0.0003268,           0.0003268
                 104,             0.83181,             0.55116,               1.195,             0.89392,             0.85367,              0.9209,             0.65273,              2.3087,              1.5356,               3.235,           0.0003202,           0.0003202,           0.0003202
                 105,             0.81066,             0.54497,              1.1752,             0.89332,             0.86203,             0.92418,             0.65493,              2.2881,              1.4452,              3.2248,           0.0003136,           0.0003136,           0.0003136
                 106,             0.81625,             0.54216,              1.1786,             0.91028,             0.84549,             0.92808,             0.66326,              2.3008,              1.4503,              3.2399,            0.000307,            0.000307,            0.000307
                 107,             0.83566,             0.55691,              1.1882,             0.90111,             0.86361,             0.93202,              0.6641,              2.2588,              1.4145,              3.2293,           0.0003004,           0.0003004,           0.0003004
                 108,             0.80745,             0.53642,              1.1765,             0.89595,             0.85621,             0.92008,             0.65777,              2.2954,              1.4939,              3.2457,           0.0002938,           0.0002938,           0.0002938
                 109,             0.81311,             0.54209,              1.1767,             0.92407,             0.83515,             0.92969,             0.66568,              2.2327,              1.4333,              3.1802,           0.0002872,           0.0002872,           0.0002872
                 110,              0.8072,             0.52774,              1.1667,             0.88376,             0.86928,             0.92686,             0.66421,              2.2791,              1.4421,              3.2227,           0.0002806,           0.0002806,           0.0002806
                 111,             0.79092,              0.5177,              1.1639,             0.89371,             0.86765,             0.92604,              0.6613,              2.2768,              1.4031,              3.2534,            0.000274,            0.000274,            0.000274
                 112,             0.79753,             0.52653,              1.1744,             0.89936,             0.84692,             0.92259,             0.66167,              2.2773,              1.4583,              3.2258,           0.0002674,           0.0002674,           0.0002674
                 113,             0.79954,             0.51774,              1.1661,             0.88096,             0.87063,             0.91965,              0.6593,              2.2917,              1.5171,              3.2487,           0.0002608,           0.0002608,           0.0002608
                 114,             0.77942,             0.51567,              1.1566,             0.92518,             0.84477,             0.92279,             0.65799,              2.2737,               1.473,              3.2512,           0.0002542,           0.0002542,           0.0002542
                 115,             0.78773,             0.52589,              1.1521,              0.8863,             0.85342,             0.91434,              0.6586,              2.2882,              1.5358,              3.2545,           0.0002476,           0.0002476,           0.0002476
                 116,             0.77097,             0.50466,              1.1513,             0.91373,             0.85294,             0.92291,             0.65811,              2.2884,              1.4953,              3.2594,            0.000241,            0.000241,            0.000241
                 117,             0.77675,             0.51052,               1.151,             0.92527,             0.82944,             0.92261,             0.66005,              2.2595,              1.4845,              3.2198,           0.0002344,           0.0002344,           0.0002344
                 118,              0.7719,             0.50908,              1.1394,             0.88651,              0.8679,             0.92395,             0.66129,                2.26,              1.4599,              3.2499,           0.0002278,           0.0002278,           0.0002278
                 119,             0.75431,             0.51127,              1.1404,             0.89059,             0.84804,             0.91631,             0.65439,              2.2726,              1.5481,              3.2326,           0.0002212,           0.0002212,           0.0002212
                 120,             0.75986,             0.49796,              1.1306,             0.91086,              0.8415,             0.92245,             0.66133,              2.2866,              1.4924,              3.2738,           0.0002146,           0.0002146,           0.0002146
                 121,             0.74083,             0.49652,              1.1266,             0.91623,              0.8415,              0.9222,             0.65993,              2.2677,              1.5042,              3.2289,            0.000208,            0.000208,            0.000208
                 122,              0.7466,             0.49507,              1.1257,             0.88033,             0.86543,             0.91892,             0.65588,              2.2813,              1.5341,              3.2322,           0.0002014,           0.0002014,           0.0002014
                 123,             0.74614,               0.498,               1.126,             0.89731,             0.84243,             0.91964,              0.6611,              2.2745,              1.4912,              3.2502,           0.0001948,           0.0001948,           0.0001948
                 124,             0.73903,             0.49425,              1.1215,             0.90896,             0.84833,             0.92221,             0.66034,              2.2799,              1.4677,                3.25,           0.0001882,           0.0001882,           0.0001882
                 125,             0.72739,             0.48794,              1.1162,              0.8861,             0.86275,             0.91247,             0.65404,              2.2967,              1.5288,               3.268,           0.0001816,           0.0001816,           0.0001816
                 126,             0.74255,             0.49191,              1.1226,              0.9119,             0.84569,             0.92349,             0.66477,              2.2669,              1.4578,              3.2416,            0.000175,            0.000175,            0.000175
                 127,              0.7277,             0.48866,              1.1072,             0.90826,             0.84121,             0.91965,             0.66175,              2.2707,              1.4737,              3.2435,           0.0001684,           0.0001684,           0.0001684
                 128,             0.71879,             0.48102,              1.1068,             0.92222,             0.82843,             0.92052,             0.65959,              2.2819,              1.4754,              3.2493,           0.0001618,           0.0001618,           0.0001618
                 129,             0.71976,             0.48072,              1.1121,             0.93796,             0.81522,             0.92418,             0.66307,              2.2705,              1.4635,              3.2537,           0.0001552,           0.0001552,           0.0001552
                 130,             0.71678,             0.48165,              1.1041,             0.90943,             0.83824,             0.92826,             0.66829,              2.2406,              1.4441,              3.2248,           0.0001486,           0.0001486,           0.0001486
                 131,             0.70637,             0.47511,              1.0914,             0.87703,              0.8624,             0.92094,              0.6605,              2.2782,              1.5356,               3.245,            0.000142,            0.000142,            0.000142
                 132,             0.70591,             0.47258,              1.1009,             0.88773,             0.86928,             0.92942,             0.67233,              2.2469,              1.4573,              3.2204,           0.0001354,           0.0001354,           0.0001354
                 133,              0.7084,             0.46514,              1.0835,             0.89238,             0.85458,             0.92156,             0.66179,              2.2698,              1.5191,              3.2422,           0.0001288,           0.0001288,           0.0001288
                 134,              0.7112,             0.47182,              1.0966,             0.89971,             0.85294,             0.92426,             0.66357,              2.2582,              1.5036,              3.2335,           0.0001222,           0.0001222,           0.0001222
                 135,             0.71117,             0.47572,              1.0938,             0.88712,             0.85948,             0.92103,             0.66275,              2.2469,               1.488,              3.2374,           0.0001156,           0.0001156,           0.0001156
                 136,             0.70065,             0.46862,              1.0949,             0.88934,             0.85361,             0.91775,             0.65909,              2.2556,              1.5373,              3.2284,            0.000109,            0.000109,            0.000109
                 137,              0.7075,              0.4734,              1.0973,             0.89536,              0.8529,             0.91706,             0.65694,              2.2797,              1.5352,              3.2574,           0.0001024,           0.0001024,           0.0001024
                 138,               0.709,             0.47254,               1.092,             0.91636,             0.84143,             0.92472,             0.65941,              2.2735,              1.4733,              3.2584,            9.58e-05,            9.58e-05,            9.58e-05
                 139,             0.69514,             0.46413,              1.0884,             0.91129,             0.83922,             0.91981,             0.65432,              2.2783,              1.5098,              3.2668,            8.92e-05,            8.92e-05,            8.92e-05
                 140,             0.70079,             0.46561,               1.086,             0.89736,             0.85131,             0.92621,             0.65833,              2.2749,              1.4863,              3.2651,            8.26e-05,            8.26e-05,            8.26e-05
                 141,             0.69216,             0.46356,              1.0898,             0.90825,             0.84804,             0.92385,             0.65935,              2.2738,              1.5284,              3.2549,             7.6e-05,             7.6e-05,             7.6e-05
                 142,             0.69571,             0.46816,              1.0776,              0.9094,             0.85621,             0.93232,             0.66715,              2.2623,              1.4673,                3.27,            6.94e-05,            6.94e-05,            6.94e-05
                 143,             0.69088,             0.46808,              1.0848,             0.91523,             0.85948,               0.928,             0.66442,              2.2722,              1.4742,              3.2763,            6.28e-05,            6.28e-05,            6.28e-05
                 144,             0.67712,             0.46001,              1.0755,             0.91126,             0.85621,              0.9246,             0.65709,              2.2875,              1.5008,               3.291,            5.62e-05,            5.62e-05,            5.62e-05
                 145,             0.68719,             0.46398,              1.0768,             0.89535,             0.86928,             0.92627,             0.65754,              2.2836,              1.4878,              3.2833,            4.96e-05,            4.96e-05,            4.96e-05
                 146,              0.6707,             0.45551,              1.0737,             0.89868,             0.86954,             0.92616,             0.66055,              2.2778,              1.4907,              3.2799,             4.3e-05,             4.3e-05,             4.3e-05
                 147,             0.66732,              0.4591,              1.0746,             0.90061,             0.87356,             0.92413,             0.66098,              2.2687,              1.4845,              3.2715,            3.64e-05,            3.64e-05,            3.64e-05
                 148,             0.67805,             0.45681,              1.0755,             0.90573,             0.86765,             0.92565,             0.65993,              2.2711,              1.4778,              3.2734,            2.98e-05,            2.98e-05,            2.98e-05
                 149,             0.67931,              0.4568,              1.0772,             0.90795,             0.87582,             0.92795,             0.66358,              2.2556,              1.4584,              3.2593,            2.32e-05,            2.32e-05,            2.32e-05
